name,generic_name,manufacturer,image_url,local_image_path
Silicea,Silicea,"Rxhomeo Private Limited d.b.a. Rxhomeo, Inc",https://dailymed.nlm.nih.gov/dailymed/image.cfm?setid=0000025c-6dbf-4af7-a741-5cbacaed519a&name=Label-Pellets-FDA_15631-0404.jpg,.\images\Silicea.jpg
Betadine,Povidone-Iodine,"Atlantis Consumer Healthcare, Inc.",https://dailymed.nlm.nih.gov/dailymed/image.cfm?setid=00002127-02bc-4c66-b0c3-ca29d8224afc&name=bottle-label.jpg,.\images\Betadine.jpg
Naproxen,Naproxen,A-S Medication Solutions,https://dailymed.nlm.nih.gov/dailymed/image.cfm?setid=000155a8-709c-44e5-a75f-cd890f3a7caf&name=NaproxinNaStructure.jpg,.\images\Naproxen.jpg
Moisturizing Antibacterial,Benzalkonium Chloride,Walmart Inc.,https://dailymed.nlm.nih.gov/dailymed/image.cfm?setid=0001d1cf-f727-4875-a44f-5a51f7b617a4&name=mm01.jpg,.\images\Moisturizing_Antibacterial.jpg
Quick Action,Salicylic Acid,Walmart Inc.,https://dailymed.nlm.nih.gov/dailymed/image.cfm?setid=00025ea5-d15f-49d2-a52a-6c1bd8c6a033&name=mm01.jpg,.\images\Quick_Action.jpg
Mekinist,Trametinib,Novartis Pharmaceuticals Corporation,https://dailymed.nlm.nih.gov/dailymed/image.cfm?setid=0002ad27-779d-42ab-83b5-bc65453412a1&name=mekinist-01.jpg,.\images\Mekinist.jpg
Glimepiride,Glimepiride,American Health Packaging,https://dailymed.nlm.nih.gov/dailymed/image.cfm?setid=0003458f-352a-46fa-9d99-230daa76ae29&name=1+mg+Blister.jpg,.\images\Glimepiride.jpg
Methocarbamol,Methocarbamol,Proficient Rx LP,https://dailymed.nlm.nih.gov/dailymed/image.cfm?setid=0003eccd-6147-4a7c-ae83-b2a94933e07d&name=8abf52d1-f208-4ba0-821c-8417308a985a-01.jpg,.\images\Methocarbamol.jpg
Anti Itch,Hydrocortisone,"Meijer, Inc.",https://dailymed.nlm.nih.gov/dailymed/image.cfm?setid=00040bfe-001a-484e-bec0-e21e8b27f369&name=319-6e-anti-itch-cream.jpg,.\images\Anti_Itch.jpg
Varenicline,Varenicline,Aurobindo Pharma Limited,https://dailymed.nlm.nih.gov/dailymed/image.cfm?setid=0004a0bb-87c0-46f8-b36a-95c98107395d&name=varenicline-fig1.jpg,.\images\Varenicline.jpg
Rescue Sleep,"Helianthemum Nummularium Flower, Clematis Vitalba Flower, Impatiens Glandulifera Flower, Prunus Cerasifera Flower, Ornithogalum Umbellatum, And Aesculus Hippocastanum Flower","Nelson Bach USA, Ltd.",https://dailymed.nlm.nih.gov/dailymed/image.cfm?setid=00052c1a-9e0f-44ba-bc93-025add5a4031&name=rescue-01.jpg,.\images\Rescue_Sleep.jpg
Pain Reliever Extra Strength,Acetaminophen,Valu Merchandisers Company,https://dailymed.nlm.nih.gov/dailymed/image.cfm?setid=0005aafa-08f8-4990-a54d-cc097195708f&name=best-choice-44-519-delisted-1.jpg,.\images\Pain_Reliever_Extra_Strength.jpg
Oasis Tears Lubricant Eye,Glycerin,"OASIS Medical, Inc.",https://dailymed.nlm.nih.gov/dailymed/image.cfm?setid=00071697-4ac6-4962-8eee-388b8b52bd40&name=OASIS+TEARS+Multidose+Box.jpg,.\images\Oasis_Tears_Lubricant_Eye.jpg
Thera Plus Maximum Strength Feminine Anti-Itch,"Benzocaine, Resorcinol","FOURSTAR GROUP USA, INC.",https://dailymed.nlm.nih.gov/dailymed/image.cfm?setid=0007e3ea-882b-4000-8e70-2bcec2c08613&name=Outer+Package.jpg,.\images\Thera_Plus_Maximum_Strength_Feminine_AntiItch.jpg
Tamsulosin Hydrochloride,Tamsulosin Hydrochloride,"XLCare Pharmaceuticals, Inc.",https://dailymed.nlm.nih.gov/dailymed/image.cfm?setid=00097e78-9c04-4e62-8260-ddb50e9a6a93&name=0.4mg+500s.jpg,.\images\Tamsulosin_Hydrochloride.jpg
"Sure Complete Confidence Antiperspirant Deodorant Aerosol, Unscented",Aluminum Chlorohydrate,"Sodalis USA, LLC",https://dailymed.nlm.nih.gov/dailymed/image.cfm?setid=000a4912-a633-46b4-9aff-725fdeeef7c0&name=Inner+Package2.jpg,.\images\Sure_Complete_Confidence_Antiperspirant_Deodorant_Aerosol_Unscented.jpg
Betamethasone Dipropionate,Betamethasone Dipropionate,"Sun Pharmaceutical Industries, Inc.",https://dailymed.nlm.nih.gov/dailymed/image.cfm?setid=000ae256-a337-4903-845b-003777a4efa8&name=RX5264298C15-SUN25.jpg,.\images\Betamethasone_Dipropionate.jpg
Lights Povindone Iodine Scrub,Povidone-Iodine,"Lights Medical Manufacture Co., Ltd.",https://dailymed.nlm.nih.gov/dailymed/image.cfm?setid=000bf57b-1805-4746-bf1c-32856241213a&name=Povidone+iodine+Scrub6.jpg,.\images\Lights_Povindone_Iodine_Scrub.jpg
Calcium Acetate,Calcium Acetate,"Cipla USA Inc.,",https://dailymed.nlm.nih.gov/dailymed/image.cfm?setid=000c044a-12ef-4484-942e-99552b777d58&name=Calcium+Acetate+Label.jpg,.\images\Calcium_Acetate.jpg
Entresto,Sacubitril And Valsartan,Novartis Pharmaceuticals Corporation,https://dailymed.nlm.nih.gov/dailymed/image.cfm?setid=000dc81d-ab91-450c-8eae-8eb74e72296f&name=ENTRESTO-01.jpg,.\images\Entresto.jpg
Veradex-E,Petrolatum And Lanolin,"ABBE Laboratories, Inc.",https://dailymed.nlm.nih.gov/dailymed/image.cfm?setid=00100102-c245-4b63-a4ff-794cacda6f17&name=Veradex-E.jpg,.\images\VeradexE.jpg
Etodolac,Etodolac,A-S Medication Solutions,https://dailymed.nlm.nih.gov/dailymed/image.cfm?setid=00125d63-d8d0-46c5-bdf1-80d2c85eda5a&name=etodolac-tablets-usp-1.jpg,.\images\Etodolac.jpg
Basic Care Acetaminophen,Acetaminophen,Amazon.com Services LLC,https://dailymed.nlm.nih.gov/dailymed/image.cfm?setid=00146b91-008d-4b16-95b0-6077f98821be&name=image-01.jpg,.\images\Basic_Care_Acetaminophen.jpg
Anticavity Rinse,Sodium Fluoride,"Meijer, Inc.",https://dailymed.nlm.nih.gov/dailymed/image.cfm?setid=001777fb-196c-499a-94c8-6cdcef0958e9&name=mm01.jpg,.\images\Anticavity_Rinse.jpg
Sertraline Hydrochloride,Sertraline Hydrochloride,Proficient Rx LP,https://dailymed.nlm.nih.gov/dailymed/image.cfm?setid=00179766-980b-44b0-99d3-1fee2bb27e37&name=eca3f504-92e3-4765-b175-23cdcaf20634-01.jpg,.\images\Sertraline_Hydrochloride.jpg
Antibacterial 2X,Benzalkonium Chloride,Sante Manufacturing Inc,https://dailymed.nlm.nih.gov/dailymed/image.cfm?setid=00179db3-5a76-4724-a848-28e71eb580a6&name=16-16.jpg,.\images\Antibacterial_2X.jpg
Acid Reducer,Esomeprazole Magnesium,CVS Pharmacy,https://dailymed.nlm.nih.gov/dailymed/image.cfm?setid=001817ea-906e-47f7-8605-41ba5a9abd21&name=esomeprazole-20-mg-tablets-delisted-1.jpg,.\images\Acid_Reducer.jpg
Forever Skin Glow 24H Wear Radiant Foundation Perfection And Hydration Concentrated Floral Skincare With Suncreen Broad Spectrum Spf 15 00,"Octisalate, Titanium Dioxide",Parfums Christian Dior,https://dailymed.nlm.nih.gov/dailymed/image.cfm?setid=0018573d-922b-4642-9513-63481e9131d5&name=20mlLabel0.jpg,.\images\Forever_Skin_Glow_24H_Wear_Radiant_Foundation_Perfection_And_Hydration_Concentrated_Floral_Skincare_With_Suncreen_Broad_Spectrum_Spf_15_00.jpg
Foster And Thrive Dry Eye Relief,Polyethylene Glycol 400,Strategic Sourcing Services LLC,https://dailymed.nlm.nih.gov/dailymed/image.cfm?setid=0018ade9-5856-db6c-e063-6394a90a2ccf&name=Foster+and+Thrive+Dry+Eye+Relief+15mL+%28revised%29.jpg,.\images\Foster_And_Thrive_Dry_Eye_Relief.jpg
Foster And Thrive Advanced Relief Eye Drops,"Polyethylene Glycol 400, Tetrahydrozoline Hcl",Strategic Sourcing Services LLC,https://dailymed.nlm.nih.gov/dailymed/image.cfm?setid=0019cd99-b245-2ffc-e063-6294a90a9f27&name=Foster+and+Thrive+Adv+Relief+Eye+Drops+15mL+%28revised%29.jpg,.\images\Foster_And_Thrive_Advanced_Relief_Eye_Drops.jpg
Isopropyl Alcohol,Isopropyl Alcohol,Cariba International,https://dailymed.nlm.nih.gov/dailymed/image.cfm?setid=001c1fcf-2808-467c-86d8-c038513fa3b5&name=mm01.jpg,.\images\Isopropyl_Alcohol.jpg
Fludrocortisone Acetate,Fludrocortisone Acetate,American Health Packaging,https://dailymed.nlm.nih.gov/dailymed/image.cfm?setid=001e72ea-2c9e-468c-90cc-6c347234e2a9&name=0.1+mg+Fludrocortisone+Acetate+Tablet+Blister.jpg,.\images\Fludrocortisone_Acetate.jpg
Lacosamide,Lacosamide,"Somerset Therapeutics, LLC",https://dailymed.nlm.nih.gov/dailymed/image.cfm?setid=00203a7b-e774-45f7-ac6b-48db6d32a48a&name=7d259027-e0df-41af-8ead-40aebffd8b59-01.jpg,.\images\Lacosamide.jpg
Cerave Developed With Dermatologists Acne Control Cleanser,Salicylic Acid,L'Oreal USA Products Inc,https://dailymed.nlm.nih.gov/dailymed/image.cfm?setid=00203b2a-74dd-45a5-977a-3ef4eb314577&name=CVAcneControlCleanserBack.jpg,.\images\Cerave_Developed_With_Dermatologists_Acne_Control_Cleanser.jpg
Naproxen Sodium 220Mg,Naproxen Sodium 220Mg,"Command Brands, LLC",https://dailymed.nlm.nih.gov/dailymed/image.cfm?setid=002052df-83ac-4efd-926c-b60a8f64cec4&name=naproxen-sodium-220mg-1.jpg,.\images\Naproxen_Sodium_220Mg.jpg
Suds High Foaming Antiseptic Hand And Body Wash,Chloroxylenol,"Pro chem, Inc.",https://dailymed.nlm.nih.gov/dailymed/image.cfm?setid=00214c45-8453-49f5-b3e9-c3602fe96e20&name=Pro+Chem+687641P984_Suds+Hand+Soap.jpg,.\images\Suds_High_Foaming_Antiseptic_Hand_And_Body_Wash.jpg
Leader Earwax Removal Drops Earwax Removal Aid,Carbamide Peroxide,"Cardinal Health, Inc.",https://dailymed.nlm.nih.gov/dailymed/image.cfm?setid=0022a174-8377-44af-84a9-31adb27de131&name=label+bottle.jpg,.\images\Leader_Earwax_Removal_Drops_Earwax_Removal_Aid.jpg
Amphetamine Sulfate,Amphetamine Sulfate,SpecGx LLC,https://dailymed.nlm.nih.gov/dailymed/image.cfm?setid=00242264-40d8-4267-a91a-727a1f088616&name=amphetamine-sulfate-tablets-1.jpg,.\images\Amphetamine_Sulfate.jpg
Dove,Even Tone Plus Niacinamide Apple Blossom And Mango Butter Dry Spray 72H Antiperspirant Deodorant,"Conopco, Inc. d/b/a Unilever",https://dailymed.nlm.nih.gov/dailymed/image.cfm?setid=0024658a-0b42-790f-e063-6294a90aefe8&name=Dove+Apple+Blossom+AP+Deo+AE.jpg,.\images\Dove.jpg
Sports For Trauma Gel,"Bellis Perennis, Hypericum Perfomatum,Toxicodendron Pubscens Leaf, Ruta Graveolens Flowering Top","Schwabe Mexico, S.A. de C.V.",https://dailymed.nlm.nih.gov/dailymed/image.cfm?setid=002745e8-6f11-4b47-99d3-dddef0c170d6&name=LHBN21825492_A01_SPORTS_GEL_2_5oz_CTN_FNL.jpg,.\images\Sports_For_Trauma_Gel.jpg
Olay Regenerist Regenerating With Sunscreen Broad Spectrum Spf 15,"Avobenzone, Homosalate, Octisalate, And Octocrylene",The Procter & Gamble Manufacturing Company,https://dailymed.nlm.nih.gov/dailymed/image.cfm?setid=00280745-908b-468f-e063-6294a90aa12f&name=Olay.jpg,.\images\Olay_Regenerist_Regenerating_With_Sunscreen_Broad_Spectrum_Spf_15.jpg
Roll On Anti-Perspirant (Alcohol Free),Aluminum Chlorohydrate,Cardinal Health,https://dailymed.nlm.nih.gov/dailymed/image.cfm?setid=00281593-ae46-4936-ba86-129ee9d75e40&name=roll-on-01.jpg,.\images\Roll_On_AntiPerspirant_Alcohol_Free.jpg
Attitude Diaper Cream Zinc Unscented,Zinc Oxide,9055-7588 Quebec Inc. (Attitude),https://dailymed.nlm.nih.gov/dailymed/image.cfm?setid=00283894-ddc6-0faa-e063-6394a90ae47c&name=Stick+label.jpg,.\images\Attitude_Diaper_Cream_Zinc_Unscented.jpg
Famotidine,Famotidine,"PD-Rx Pharmaceuticals, Inc.",https://dailymed.nlm.nih.gov/dailymed/image.cfm?setid=002875d2-8c30-2d2e-e063-6294a90ae01e&name=72789331.jpg,.\images\Famotidine.jpg
Equate Honey Lemon Cough Drops,Menthol,WalMart,https://dailymed.nlm.nih.gov/dailymed/image.cfm?setid=0028be18-5162-ff51-e063-6294a90ae517&name=00289617-86f5-7a52-e063-6294a90a09b1.jpg,.\images\Equate_Honey_Lemon_Cough_Drops.jpg
Prime Tooth Care Hami Melon,Sodium Fluoride,Prime Tooth Care LLC,https://dailymed.nlm.nih.gov/dailymed/image.cfm?setid=0028f88d-a9fe-4cfa-a6c6-168f9689b5f6&name=Label3.jpg,.\images\Prime_Tooth_Care_Hami_Melon.jpg
Dragon Pain Relieving Balm,"Camphor, Menthol","Americanna Wellness, Inc.",https://dailymed.nlm.nih.gov/dailymed/image.cfm?setid=002997d0-3176-3918-e063-6294a90a4408&name=1.jpg,.\images\Dragon_Pain_Relieving_Balm.jpg
Eminence Radiant Protection Spf Fluid,Zinc Oxide,Eminence Organic Skin Care,https://dailymed.nlm.nih.gov/dailymed/image.cfm?setid=002a4766-0c7e-4ec7-e063-6294a90a78d8&name=RadiantSPFRetailBox.jpg,.\images\Eminence_Radiant_Protection_Spf_Fluid.jpg
Aluminium Fluoratum,Aluminium Fluoratum,"Hahnemann Laboratories, INC.",https://dailymed.nlm.nih.gov/dailymed/image.cfm?setid=002ce4f0-e918-6409-e063-6394a90a99ed&name=Aluminium+Fluoratum+100C+100g.jpg,.\images\Aluminium_Fluoratum.jpg
Foster And Thrive Original Formula Eye Drops,Tetrahydrozoline Hcl,Strategic Sourcing Services LLC,https://dailymed.nlm.nih.gov/dailymed/image.cfm?setid=002da62b-aec6-8e2a-e063-6294a90a5efc&name=Foster+and+Thrive+Original+Formula+Eye+Drops+15mL.jpg,.\images\Foster_And_Thrive_Original_Formula_Eye_Drops.jpg
